Psychology,Computing,Business E,Sociology,Art,Drama,Science,Hist,Sport & Pe,ICT BTEC,Music,BTEC Dip Health and Social Care,Engineering,Geog,Product Design,Hospitality and catering,RE,Spanish,Bs BTECT,French,Photography,Economics
Psychology,Computing,Business E,Sociology,Art,Drama,Science,Hist,Sport & Pe,ICT BTEC,Music,BTEC Dip Health and Social Care,Engineering,Geog,Product Design,Hospitality and catering,RE,Spanish,Bs BTECT,French,Photography,Economics
Psychology,Computing,Business E,Sociology,Art,Drama,Science,Hist,Sport & Pe,ICT BTEC,Music,BTEC Dip Health and Social Care,Engineering,Geog,Product Design,Hospitality and catering,RE,Spanish,Bs BTECT,French,Photography,Economics
Psychology,Computing,Business E,Sociology,Art,Drama,Science,Hist,Sport & Pe,ICT BTEC,Music,BTEC Dip Health and Social Care,Engineering,Geog,Product Design,Hospitality and catering,RE,Spanish,Bs BTECT,French,Photography,Economics
Psychology,Computing,Business E,Sociology,Art,Drama,Science,Hist,Sport & Pe,ICT BTEC,Music,BTEC Dip Health and Social Care,Engineering,Geog,Product Design,Hospitality and catering,RE,Spanish,Bs BTECT,French,Photography,Economics
Psychology,Computing,Business E,Sociology,Art,Drama,Science,Hist,Sport & Pe,ICT BTEC,Music,BTEC Dip Health and Social Care,Engineering,Geog,Product Design,Hospitality and catering,RE,Spanish,Bs BTECT,French,Photography,Economics
Psychology,Computing,Business E,Sociology,Art,Drama,Science,Hist,Sport & Pe,ICT BTEC,Music,BTEC Dip Health and Social Care,Engineering,Geog,Product Design,Hospitality and catering,RE,Spanish,Bs BTECT,French,Photography,Economics
Psychology,Computing,Business E,Sociology,Art,Drama,Science,Hist,Sport & Pe,ICT BTEC,Music,BTEC Dip Health and Social Care,Engineering,Geog,Product Design,Hospitality and catering,RE,Spanish,Bs BTECT,French,Photography,Economics
Psychology,Computing,Business E,Sociology,Art,Drama,Science,Hist,Sport & Pe,ICT BTEC,Music,BTEC Dip Health and Social Care,Engineering,Geog,Product Design,Hospitality and catering,RE,Spanish,Bs BTECT,French,Photography,Economics
Psychology,Computing,Business E,Sociology,Art,Drama,Science,Hist,Sport & Pe,ICT BTEC,Music,BTEC Dip Health and Social Care,Engineering,Geog,Product Design,Hospitality and catering,RE,Spanish,Bs BTECT,French,Photography,Economics
Psychology,Computing,Business E,Sociology,Art,Drama,Science,Hist,Sport & Pe,ICT BTEC,Music,BTEC Dip Health and Social Care,Engineering,Geog,Product Design,Hospitality and catering,RE,Spanish,Bs BTECT,French,Photography,Economics
Psychology,Computing,Business E,Sociology,Art,Drama,Science,Hist,Sport & Pe,ICT BTEC,Music,BTEC Dip Health and Social Care,Engineering,Geog,Product Design,Hospitality and catering,RE,Spanish,Bs BTECT,French,Photography,Economics
Psychology,Computing,Business E,Sociology,Art,Drama,Science,Hist,Sport & Pe,ICT BTEC,Music,BTEC Dip Health and Social Care,Engineering,Geog,Product Design,Hospitality and catering,RE,Spanish,Bs BTECT,French,Photography,Economics
Psychology,Computing,Business E,Sociology,Art,Drama,Science,Hist,Sport & Pe,ICT BTEC,Music,BTEC Dip Health and Social Care,Engineering,Geog,Product Design,Hospitality and catering,RE,Spanish,Bs BTECT,French,Photography,Economics
Psychology,Computing,Business E,Sociology,Art,Drama,Science,Hist,Sport & Pe,ICT BTEC,Music,BTEC Dip Health and Social Care,Engineering,Geog,Product Design,Hospitality and catering,RE,Spanish,Bs BTECT,French,Photography,Economics
Psychology,Computing,Business E,Sociology,Art,Drama,Science,Hist,Sport & Pe,ICT BTEC,Music,BTEC Dip Health and Social Care,Engineering,Geog,Product Design,Hospitality and catering,RE,Spanish,Bs BTECT,French,Photography,Economics
Psychology,Computing,Business E,Sociology,Art,Drama,Science,Hist,Sport & Pe,ICT BTEC,Music,BTEC Dip Health and Social Care,Engineering,Geog,Product Design,Hospitality and catering,RE,Spanish,Bs BTECT,French,Photography,Economics
Psychology,Computing,Business E,Sociology,Art,Drama,Science,Hist,Sport & Pe,ICT BTEC,Music,BTEC Dip Health and Social Care,Engineering,Geog,Product Design,Hospitality and catering,RE,Spanish,Bs BTECT,French,Photography,Economics
Psychology,Computing,Business E,Sociology,Art,Drama,Science,Hist,Sport & Pe,ICT BTEC,Music,BTEC Dip Health and Social Care,Engineering,Geog,Product Design,Hospitality and catering,RE,Spanish,Bs BTECT,French,Photography,Economics
Psychology,Computing,Business E,Sociology,Art,Drama,Science,Hist,Sport & Pe,ICT BTEC,Music,BTEC Dip Health and Social Care,Engineering,Geog,Product Design,Hospitality and catering,RE,Spanish,Bs BTECT,French,Photography,Economics
Psychology,Computing,Business E,Sociology,Art,Drama,Science,Hist,Sport & Pe,ICT BTEC,Music,BTEC Dip Health and Social Care,Engineering,Geog,Product Design,Hospitality and catering,RE,Spanish,Bs BTECT,French,Photography,Economics
Psychology,Computing,Business E,Sociology,Art,Drama,Science,Hist,Sport & Pe,ICT BTEC,Music,BTEC Dip Health and Social Care,Engineering,Geog,Product Design,Hospitality and catering,RE,Spanish,Bs BTECT,French,Photography,Economics
